text,span1,label
We must fight with great force.,"[3, 4]",0
I'm sold!  ,"[1, 2]",1
It was unpleasant seeing her in those cheap shapeless clothes.  ,"[7, 8]",1
This kind of anger rages violently.,"[4, 5]",0
Another idea gone wasted.,"[2, 3]",0
"My best friend is so forgetful, I sometimes have to remind her what her name is. ","[8, 15]",1
Her smoldering eyes still make me feel bad.,"[4, 7]",0
"That said, I'm feeling close to defeated.","[5, 8]",0
Both the commands will erase the content of the file.,"[3, 4]",0
Roots hold the plant's lifeblood.,"[4, 5]",0
She's a difficult person to work with because she is very direct when conversing.,"[10, 14]",0
Taking my eyes off her is absurd.   ,"[0, 6]",1
The spacecraft was launched not a second too soon.,"[0, 8]",0
The touch of this mosquito is like a single snowflake in the palm of your hand.,"[2, 15]",0
"She stood frozen, searching for him.    ","[1, 2]",1
The cream you bought will last for centuries.    ,"[6, 7]",1
It is enough to fright you out of your seven senses.   ,"[4, 10]",1
"You must come out of bed, I've walked a long way to spend some time with you.","[11, 12]",0
It was a sudden rush of fragrances.,"[3, 4]",0
Look at her fast moving fingers articulating words as she writes her report.,"[3, 4]",0
"When you get emotional, your brain looses its normal thinking abilities.","[7, 11]",0
The sight of them kissing is so gross that it makes me feel disgusted.,"[12, 13]",0
I remove all vegetation until none is left to sprout up later.,"[0, 8]",0
A hundred thousand apologies would not be enough.   ,"[0, 2]",1
This is honestly the best seasoning salt in all the land.   ,"[2, 10]",1
This is a tough situation. You're having a gorilla on top of you.  ,"[9, 13]",1
I thought I'd found sugar-free chocolate nirvana at first taste. ,"[6, 7]",1
"Trapped in a tower, the princess spent her days drawing.","[1, 3]",0
They go about together like Siamese twins.  ,"[4, 6]",1
Living with apprehensive parents is very limiting.,"[5, 6]",0
Bittersweet nectar flows in measureless abundance.   ,"[3, 4]",1
She smiled at me and I was surprised.,"[4, 7]",0
You are very unreasoning persons.,"[2, 4]",0
You have ravished me away by a power I am unable to resist.    ,"[9, 10]",1
"You are not a fully-grown man, you are a clown. ","[9, 10]",1
"At this point, the potion of the alchemist turns to gold.","[9, 11]",0
Many questions were asked to us.,"[3, 4]",0
The minister is going to wreck the country with his budget cuts.    ,"[4, 5]",1
That must be the angel music I hear. ,"[1, 4]",1
My mother is a tyrant.    ,"[3, 4]",1
The target of early interstellar missions is to find nomadic planets.,"[3, 4]",0
This restaurant sums up the neighborhood which is home to many hipsters!,"[5, 11]",0
My face is definitely not at my best today.,"[0, 7]",0
I started helping out with an encyclopedic dictionary.,"[5, 6]",0
The ballon has been blown out of proportion and has exploded.,"[0, 9]",0
"Here I sit, sunk in my thoughts.       ","[4, 5]",1
I almost drowned myself in the lake.,"[0, 3]",0
I thought we had a deal but you stabbed me in the back. ,"[8, 12]",1
Your speech evokes many sympathies.,"[2, 3]",0
His piano playing is enough to make Beethoven turn in his grave. ,"[4, 11]",1
"She has so many watches, she'd need eight arms to wear them all.","[6, 10]",1
"I swear, my teacher is omniscient.        ","[5, 6]",1
"Insolent boy, I'll hit you!","[4, 5]",0
His feet are colder than the arctic.    ,"[3, 6]",1
I would commit murder to have that new phone!  ,"[1, 3]",1
"The coffee was really good, but it cost me a lot of money.","[8, 12]",0
The Hebrews had traveled for fourty days and fourty nights.,"[4, 9]",0
Sleeping on this pillow is sleeping on a cloud.     ,"[7, 8]",1
The invasion was deadly.,"[2, 3]",0
Sometimes asking feels like firewalking.   ,"[3, 4]",1
Your judgement at this point is worthless.,"[5, 6]",0
"With only an arm and a leg, she crawled across the deck.","[2, 7]",0
He drank a tanker of milk as if he was a drain. ,"[6, 11]",1
Be silent as a ninja. ,"[2, 4]",1
I am trying to solve many issues these days.,"[4, 5]",0
I felt fireworks in my brain when I set foot in the candy shop. ,"[2, 5]",1
You could have knocked me over with a feather.     ,"[6, 8]",1
Playing with fire will get her burned.,"[1, 2]",0
"Since you stopped partying, you're a nullity.    ","[7, 8]",1
"My love, you are my oxygen.         ","[5, 6]",1
His shout was very loud.,"[2, 4]",0
He is a good dog who goes to church.    ,"[3, 4]",1
Faith is a strong motivator.,"[1, 4]",0
They will kneel before his talent.     ,"[2, 3]",1
"Every room is designed to convey a theme, be it a jungle or ancient Rome.","[1, 12]",0
"Had the Romans used our advanced weapons, they would have appeared invincible.","[1, 12]",0
This dirty money we're using to finance the campaign is a ticking time bomb!    ,"[12, 14]",1
"At this price, it's a very good deal!","[7, 9]",0
That was the end of the pindaric flight.,"[6, 7]",0
His laughter is very loud.,"[2, 4]",0
He is very old.,"[2, 3]",0
Dust-like snowflakes began to fall.  ,"[0, 1]",1
At no time does a watched pot boil.  ,"[0, 3]",1
This egg is slippery as an oyster.,"[4, 6]",0
Punctuality is a crucial aspect of business.,"[2, 4]",0
The federal case was due to be decided by a jury.,"[1, 9]",0
Too many clothes in this Indian Summer and I am suddenly in a bath of sweat.   ,"[6, 15]",1
Rust is eating away at the steel.,"[1, 4]",0
At no time did we throw the towel in.,"[0, 2]",0
This is the first crest to be found on the fossil of a dinosaur.,"[1, 13]",0
An idle brain is the place where evil thoughts arise.,"[5, 9]",0
"At the beginning of the century, people forecasted the end of the world.","[1, 13]",0
Astronomers have found five Cepheids on the other side of the galaxy.,"[5, 10]",0
I tasted a very strong flavour.,"[1, 5]",0
My right arm became painful. It hurts my shoulder.,"[4, 7]",0
The pain was excruciating.,"[2, 3]",0
She has a nice sense about her.,"[3, 6]",0
Living under my parents' control is awful!,"[6, 7]",0
The nation is to represent the divine order established by God.,"[5, 6]",0
"The noise was so great, that it was heard in a long distance.","[11, 13]",0
Another Mother Theresa cannot exist.,"[0, 1]",0
I could smell his horrible breath.,"[3, 4]",0
I'm allowed one more minute after the bell.,"[0, 5]",0
The resources are pitifully small.    ,"[2, 3]",1
He told his family not to forget that he is the head of his house.,"[1, 11]",0
"When the last resident left, Masten became a ghost town.","[0, 10]",0
Most things are possible!,"[0, 3]",0
The cans weight so heavy that the whole shelves would collapse.,"[0, 10]",0
For dinner he would eat a lot of grain.,"[5, 6]",0
Anna does more work than both of you,"[1, 6]",0
The law applies without exceptions.,"[3, 4]",0
"During the debate, the president ate reporters and photographers.  ","[5, 6]",1
There are cascades of clothes in my wardrobe!    ,"[1, 2]",1
Layers of the retina are almost transparent.,"[5, 6]",0
One picture is sufficient to convey so much!,"[3, 8]",0
He had a blind eye.,"[2, 3]",0
What she touches becomes of value or blessed.,"[3, 7]",0
She's a dictator in our house.        ,"[2, 3]",1
"He is so majestic, when he wears a yellow shirt people yell: ""Hey taxi!""   ","[4, 18]",1
This is the single most expensive cake in the city.,"[0, 8]",0
"Forget knocking it out of the park, Frank can knock a baseball off the continent.  ","[13, 15]",1
The sins of the people are very severe.,"[5, 7]",0
She'd need eight arms to mix all that dough at the same time.,"[0, 7]",0
The snake in the Genesis was the devil incarnate.,"[3, 8]",0
"This attack is like lightning, it never strikes twice in the same place.","[3, 4]",0
This spray will fill your days with the freshness of the ocean breeze.  ,"[2, 6]",1
And your father and I worked on those plans together for a long time.,"[11, 13]",0
My mom earns a thousand dollars a month.,"[3, 6]",0
Life is a place where we fight to cure ourselves.,"[2, 3]",0
That runner is very fast.,"[3, 4]",0
They had blasted their way with dynamite.,"[2, 4]",0
It is unfair how the media is mistreating the ten year old boy.,"[6, 7]",0
I'm speechless!    ,"[1, 3]",1
"Your father is well known, no one worked hard for the community like he used to do.","[3, 4]",0
The eye of a master is expert.,"[5, 6]",0
Loud applause followed the performance.,"[0, 1]",0
She's like vomiting all her feelings out with hate.  ,"[2, 3]",1
He tolerated my annoying questions. That man is a saint.  ,"[8, 9]",1
Parents' affection is cosmic.  ,"[3, 4]",1
It is very difficult to love and be wise.,"[2, 3]",0
Well cooked vegetables can be pureed easily.,"[0, 1]",0
Music is my daily drug.     ,"[2, 4]",1
"You are a vision of loveliness, darling!  ","[2, 5]",1
What kind of sorcery is this?  ,"[1, 3]",1
People often make wordless sounds to convey messages.,"[2, 3]",0
The true meaning of decadence can be found in this meal!  ,"[0, 9]",1
"If Sylvia flirted with Johnny, Steve threatened to beat the living tar out of her.  ","[10, 14]",1
Her beauty eclipsed the sun.      ,"[2, 4]",1
Pokémon Go is considered a high tech game.,"[2, 7]",0
Your predictions were right. You have great intuition.,"[6, 7]",0
The Persian king Xerxes wanted to conquer the world.,"[6, 8]",0
Perfection is not good for creativity.,"[1, 4]",0
"If she comes for dinner, I'll miss three shows.","[1, 10]",0
A needle was hanging by a thread.,"[3, 6]",0
Ice-cream stops you from feeling bored.,"[1, 5]",0
We picked up a bottle once on a trip and were surprised.,"[10, 11]",0
His hand is as cold as an ice box.,"[3, 8]",1
Her hair is very long.,"[3, 4]",0
This discovery is very precious to young scientists.,"[3, 4]",0
I love you with all my heart.,"[3, 4]",0
I love you my dear.,"[0, 1]",0
The compass needle points towards the North star.,"[0, 6]",0
She made a costume to match her puppet.,"[0, 7]",0
He was in the middle of a tornado on the highway.,"[2, 9]",0
My grandpa snores very loudly.,"[1, 4]",0
Through a phenomenal occurrence in nature,"[1, 2]",0
"Speech is silver, but silence is golden. ","[2, 7]",1
Love these very much!,"[2, 3]",0
The princess' lips shame the red rose. ,"[4, 7]",1
Satisfaction floods into my veins.     ,"[1, 4]",1
The pictures prove that the poor country has turned into hell.  ,"[7, 10]",1
"Two years ago, I entered into the fashion world.","[4, 5]",0
"To play the online game, you must buy a license.","[7, 9]",0
There's dust everywhere.    ,"[2, 3]",1
"With each of her screams, the world felt very sorrowful.","[8, 10]",0
That lawyer's words are bullets.,"[4, 5]",1
I liked these chips and refused to share them with my friends.,"[0, 1]",0
Looking for a featherweight tripod.   ,"[2, 3]",1
"She is only a puppet, acting on the directives of her friends.  ","[3, 4]",1
A watched pot seems to take a long time to boil.,"[0, 9]",0
"Your beard is so hairy, you look like Chewbacca.   ","[3, 9]",1
You'll read the book in a couple of days.,"[1, 2]",0
His studded jacket is drilling in his body. ,"[4, 5]",1
Seeing my best friend again would mean a lot to me.,"[2, 8]",0
And soon I'll be very famous.,"[4, 5]",0
"That artist is a quiet person, she rarely speaks.","[3, 4]",0
I am so tired I could sleep for a long time.,"[9, 10]",0
My oral exam was very quick. I was done soon after entering the classroom.,"[8, 9]",0
I couldn't believe how large the size of the potatoes was.  ,"[1, 3]",1
The gladiator beated all his opponents with his superhuman strength. ,"[7, 8]",1
There are no words to describe my admiration.  ,"[0, 2]",1
I must impose chains upon myself.     ,"[2, 3]",1
"His teeth would uncover, and shine very bright.","[7, 8]",0
The military dictator urged supporters to defeat the indecisive ones.,"[1, 2]",0
Clinical obesity is unhealthy.,"[2, 3]",0
There was a magical atmosphere.     ,"[2, 3]",1
Why do we have four thousand forks and no spoons?  ,"[4, 5]",1
This drink gives you an energy lift.,"[2, 6]",0
His version of the facts is infinitely more convincing.    ,"[5, 6]",1
There lived a large man.,"[2, 3]",0
We used to have very little independence.,"[3, 6]",0
He threw the pulverized contents into the air.,"[0, 6]",0
"Please, don't ever harm yourself.","[2, 4]",0
After workout I feel very strong.,"[4, 5]",0
They sell books by a great number of authors.,"[4, 8]",0
She enters my brain and cleans the mess.  ,"[1, 7]",1
Precisely nothing could go wrong with his plan.    ,"[0, 1]",1
Only one girl survived the nuclear explosion.,"[5, 6]",0
My granpa snores louder than a faulty engine.   ,"[1, 7]",1
The meeting was terrible.,"[2, 3]",0
Shopping exhausted me today.,"[0, 1]",0
Stop bothering him: you're playing with fire.    ,"[6, 8]",1
"When my dog waves, his tail it causes hurricanes.","[4, 9]",1
The future is invisible as a ghost.,"[4, 6]",0
The mail was taking on Alpine proportions.   ,"[4, 5]",1
It seems to have been raining for a long time.,"[7, 9]",0
"As he grew, Victor became a shining star in a family of achievers.   ","[6, 10]",1
I've never heard of a hippo with a hernia.,"[5, 9]",0
The cream you bought will last for a long time.,"[7, 9]",0
This croissant improved my day.,"[1, 2]",0
She has a fairy aura.  ,"[3, 4]",1
To start with you may feel slightly feverish.,"[3, 7]",0
We all cracked up at the joke.    ,"[2, 3]",1
I will watch fireworks in my hometown.,"[0, 5]",0
Bittersweet nectar flows in great abundance.,"[3, 4]",0
Fishermen pledged to combat the waves of the sea in a storm.,"[6, 11]",0
That chocolate melts in your mouth smoothly.,"[5, 6]",0
This judge does not tolerate robbers and other dregs of mankind.,"[8, 10]",0
Parents' affection is special.,"[3, 4]",0
The global crisis has seen prices rise over the past week.,"[5, 6]",0
"The sky is unforgiving for computation mistakes, more than the sea.","[8, 11]",0
They would start a war to take the counties.,"[1, 4]",0
I'm sure you are a good person.,"[5, 7]",0
Black holes are particularly interesting astronomically.,"[4, 5]",0
"You must come out of bed, I've walked a thousand miles to spend some time with you.  ","[11, 12]",1
The cruelest judgment I received is that I was a liar.,"[1, 5]",0
He starts bleeding and crying pitifully.,"[4, 5]",0
Two others surviving against the odds are the Siamese twins.,"[8, 9]",0
He wears a hat in the shape of a traffic cone.,"[0, 10]",0
You can buy a Bungalow in the historic district.,"[1, 3]",0
You're too beautiful.      ,"[1, 2]",1
Religion is the control of the people.,"[3, 6]",0
The king can do no wrong.  ,"[2, 5]",1
The first attack brought doom to the colony.,"[4, 6]",0
"Right now, with the sword hanging over my head, I don't have any kind of financial support.   ","[3, 9]",1
"Dresden was kind of the moon, nothing but minerals.   ","[7, 9]",1
The news made my day happy.,"[2, 4]",0
Old Mr. Smith has been teaching here for a very long time.,"[7, 11]",0
Too much work makes me feel demolished.   ,"[5, 6]",1
Shami and Peter are very happy together.,"[3, 4]",0
We were getting trapped with no way out.,"[2, 3]",0
"If pigs will have wings, I will know I have gone crazy.","[1, 10]",0
No other friendship could be so strong.  ,"[0, 5]",1
A meteor could skyrocket in the atmosphere.,"[3, 5]",0
"You stepped on a land mine, boy. ","[1, 5]",1
I'm sure you are another Mother Teresa.    ,"[5, 7]",1
"In New York, people yell ""Hey taxi!"" and they soon get a ride.","[3, 15]",0
Needs must when you are being desperate.,"[3, 6]",0
An anaconda tried to swallow the cow.,"[3, 6]",0
Spacetime is more complicated than space.,"[1, 5]",0
A hundred thousand people were killed here.,"[0, 2]",0
He's light like a feather.  ,"[3, 5]",1
Cockroaches are die hard creatures.,"[1, 3]",0
"She smiled at me, I almost fell out of my chair.   ","[4, 11]",1
The shining star over there seems to be moving.,"[1, 2]",0
I'd been yo-yoing up and down a rollercoaster.,"[7, 8]",0
"I have fever, moving is difficult.","[4, 6]",0
The bad sides are so overpowering that she finds it difficult to concentrate on anything else.,"[8, 13]",0
I am being harmed by a criminal and corrupt justice system.,"[2, 3]",0
Why did you beat him so badly?,"[5, 6]",0
You ridiculously disguised as a captain.,"[0, 1]",0
I have gone to visit the grave of a friend.,"[5, 7]",0
That child is getting into a lot of trouble.,"[5, 6]",0
Nobody can beat level six.  ,"[0, 1]",1
"The emperor's statue is here, throned in blue sky like a sphinx.  ","[5, 13]",0
"They shouted ""Crucify him!"" with the whole world's sin upon his back.","[0, 10]",0
My whole sense of being had been shattered by an emotional shock.,"[10, 11]",0
First aid for a bleeding nose is to pinch the nostrils.,"[3, 4]",0
My tongue is a piece of sandpaper.  ,"[3, 6]",1
"Sometimes, ignorance is good.","[3, 4]",0
Barnes possessed excellent paintings by Cézanne.,"[0, 1]",0
The mall is very large.,"[2, 3]",0
I was surprised by the elegance of the B&B.,"[1, 2]",0
The hillsides have been covered a few centuries ago.,"[3, 7]",0
"To some, AI is taking the lid off Pandora's box.  ","[5, 11]",1
He was skinny enough to jump through a keyhole.  ,"[7, 8]",1
My tongue is really rough.,"[3, 4]",0
That old soldier is ready for another battle. He's made of iron. ,"[10, 12]",1
His nose became so long that he could not even turn around.  ,"[6, 11]",1
Hyperbole is a great thing.,"[2, 3]",0
The foundations of the empire were beginning to weaken.,"[2, 4]",0
She spilled the wine on the table...this is unfortunate!,"[8, 9]",0
I would eat pizza often.,"[3, 4]",0
A small army of security agents converged on the house.,"[2, 8]",0
My dad'll hit the roof when he finds out that I wrecked his car.  ,"[3, 5]",1
People say Massimo has phenomenal cooking powers.  ,"[3, 4]",1
I wouldn't miss the party for anything in the world. ,"[1, 10]",1
She's drinking heavily.,"[2, 3]",0
"This blog is my personal place, where my innermost secrets are shared.","[4, 5]",0
Here is the dog who goes to church with his owner.,"[1, 7]",0
Love is blind.     ,"[1, 2]",1
No matter what anybody says you will always be important to me.,"[6, 9]",0
I'm so thirsty that I would drink a river.     ,"[8, 9]",1
"Precious, self-contained, and solitary as an oyster.   ","[6, 8]",1
"Many mushrooms had sprouted, which were as large as saucers.","[7, 10]",0
"Set a beggar on horseback, and he will ride far.","[8, 10]",0
"I only step on your toe, don't make a big deal out of it.","[11, 12]",0
Music is important to me.,"[2, 4]",0
Get a deep knowledge of that complex being which is man.,"[6, 7]",0
Johnny was very fond of the ground Dallas walked on.,"[1, 4]",0
There's dust all around.,"[3, 4]",0
The strategy may prevent rebellion in the circumstance of some cruel tyrant.,"[10, 11]",0
"There are no leftovers, he eats a lot!","[6, 8]",0
We heard the roaring deluge of the river.,"[2, 6]",0
Amphibians in the wild are food for other animals.,"[4, 6]",0
I'd love to hang out eight days a week.   ,"[6, 9]",1
"Dresden was kind of the moon, it did not have many appeals.","[7, 12]",0
"The coffee was really good, but it costed me my monthly money.   ","[8, 11]",1
Even a baby could pass that test! ,"[0, 3]",1
"She did not decorate the garden, not even with a flower.","[2, 11]",0
Sometimes surgery resembles torture.,"[2, 3]",0
"When the last light set, it was like the whole world stopped.   ","[8, 12]",1
The tender newborn is sleeping quietly.,"[1, 3]",0
Deterioration in road safety was witnessed in both the countries.,"[1, 9]",0
"If our plan fails, I leave the group.","[2, 3]",0
The emperor was furious with the defeat.,"[3, 5]",0
The account does not exist in the registry.,"[2, 6]",0
I've got a thorn in my heart.    ,"[3, 4]",1
Its golden roofs are brighter than the sun itself.  ,"[4, 8]",1
He drank a tanker of milk very quickly.,"[6, 7]",0
You can search everywhere but you'll not find me.,"[2, 3]",0
The horrors must be stopped everywhere.,"[4, 5]",0
I've had to reinvent myself from the ruins of my choices.   ,"[4, 8]",1
"Oh, you are soaked to the bone, monsieur.   ","[4, 7]",1
"Wow, I'm dead from the neck up today.  ","[4, 8]",1
He lost all his money in the stock market.,"[2, 4]",0
"I caught precisely nothing, not even a pea.","[2, 3]",0
This is the single most important advice of your life.    ,"[3, 4]",1
"You can see what she's thinking, she's easy to understand.","[10, 12]",0
He's a monster. ,"[2, 3]",1
The meal I prepared contains a million calories!   ,"[4, 6]",1
He actually found a needle in a haystack...how ironic!,"[3, 7]",0
I was buffeted by a gust of wind.,"[1, 6]",0
I could never rise so high.,"[1, 2]",0
Finding the piece of paper in this chunk of documents is nearly impossible.,"[11, 12]",0
My camera has no filters.,"[2, 4]",0
Garbage and dirt accumulate in residential areas.,"[1, 2]",0
The pilot was fatally wounded.,"[2, 4]",0
You're behaving childishly dad.,"[2, 3]",0
Someone stabbed me in the back but missed my heart.,"[1, 6]",0
"This steak is so rare, I think it is still raw.","[10, 11]",0
I'll see him wriggle like a worm on a hook!  ,"[4, 10]",1
Her beauty is noteworthy.,"[2, 3]",0
They bought the whole flock of sheep.,"[4, 6]",0
The resources are very small.,"[2, 3]",0
A mass of footage whizzed across the screens.,"[3, 4]",0
I depend on my green tea fix each morning!   ,"[1, 2]",1
The entertainment at the resort was firewalking.,"[5, 6]",0
"As the army forwards, it annihilates the enemy.","[5, 6]",0
"At the restaurant, they cleared the shelves out and put in some old tables.","[1, 9]",0
Commercial netting was prohibited within the sanctuary.,"[5, 6]",0
"At no point in my life I'll say ""never"".  ","[0, 8]",1
He eats a lot of junk food.,"[2, 3]",0
Volcanoes erupt underwater.,"[0, 1]",0
My aim is very certain.,"[2, 3]",0
The story hit the web and inflamed the chat sites.   ,"[5, 6]",1
"He that drinks beer, often thinks of beer.","[5, 7]",0
TV is bombarding us with subliminal messages.   ,"[1, 2]",1
The property unquestionably belongs to the citizens.,"[2, 5]",0
That chocolate melts in your mouth like a single snowflake in the palm of your hand.    ,"[6, 15]",1
My admiration for him is deep as the ocean.  ,"[5, 8]",1
Perfection assassinates creativity.  ,"[0, 1]",1
You're in a lot of troubles for telling mum I didn't have lunch!,"[2, 9]",0
"I would buy it, if it did not cost that much!","[10, 11]",0
He used to teach there and used to get harassed by all the pupils. ,"[8, 9]",1
He's a giant with the brain of a chicken.   ,"[4, 9]",1
Survivors informed us about the catastrophe.,"[4, 5]",0
It's been a long time since I found someone nice to me.,"[4, 5]",0
The taste is perfect.  ,"[2, 3]",1
He appeared graceful.,"[1, 2]",0
Sometimes asking feels very dangerous.,"[3, 4]",0
They're going to wreck the machines.,"[2, 5]",0
"I tried to explain myself, but she doesn't want to listen.","[8, 12]",0
Her eyes were gray and sharp like the points of two picks.  ,"[6, 11]",1
We're going to turn this sow's ear into a silk purse.,"[10, 12]",1
I see an empty seat at the briefing table.,"[2, 3]",0
I forgot what her name is.,"[0, 5]",0
I'll tell you a tale of the boundless blue that is the ocean.,"[7, 8]",1
My dog can run faster than a thunderbolt.  ,"[4, 7]",1
Johnny worshipped the statue of the reigning ruler.,"[0, 5]",0
I sold my soul to the Devil to get you through college.   ,"[1, 6]",1
This confection has been around for so long in my house.,"[5, 7]",0
He stepped down and turned to kneel before the altar.,"[6, 7]",0
I have lived in the country all my life.,"[0, 8]",0
I can't stand being away from you.,"[1, 6]",0
A legion of policemen was present.,"[1, 2]",0
"When you get emotional, your brain sort of short-circuits.   ","[7, 9]",1
"This book is a masterpiece, it is excellent!","[7, 8]",0
A day was twenty-four hours long but seemed longer. ,"[3, 8]",1
"Life is cruel, after all you won't get out alive!","[3, 11]",0
I'm so thirsty that I would drink a large amount of water.,"[9, 12]",0
John invariably knows the right thing to say.    ,"[0, 1]",1
The young ladies plunge into the pool.,"[3, 5]",0
It's time to stop living like a dead man. ,"[6, 9]",1
This is one breathtaking panorama.        ,"[2, 3]",1
New life springs forth in the desert.,"[0, 1]",0
You'll have a great fun.,"[0, 4]",0
I've drowned myself trying to help you.     ,"[2, 4]",1
Inviting my mother-in-law to stay here is a recipe for disaster. ,"[7, 10]",1
Bring these vermin to the Palace of Justice.  ,"[1, 2]",1
It's wrong to steal a pin.,"[1, 2]",0
My ex boyfriend! Treacherous person!,"[4, 5]",0
She gave a mean glare at the people making fun of her.,"[2, 3]",0
I couldn't believe their stories.,"[0, 3]",0
I'm over-heated.,"[1, 2]",0
The blood flowing from the boy's tooth dropped on the tiled floor.,"[8, 9]",0
Doesn't change the fact that we're up to our necks in muck.  ,"[7, 13]",1
My parents would have a fit if I told anything personal about them.,"[4, 5]",0
"Man, your compassion is greater than space.","[5, 7]",1
There exists a boundless number of points within a space.,"[2, 8]",0
Travel increases your knowledge.,"[1, 3]",0
"When I blew into the windbag, it created an area of lower pressure.","[5, 6]",0
"The temperature was so low, I saw polar bears wearing jackets.  ","[3, 11]",1
Tree trucks had to go twenty miles out of the way.,"[1, 2]",0
"Given its advanced technologies, this car is more a sophisticated piece of machinery than a regular car.","[10, 13]",0
Your beard is very hairy.,"[2, 3]",0
It is a truth widely acknowledged that a single man in possession of a fortune must be in want of a wife.,"[3, 4]",0
She can make me follow her with one word from her lips.    ,"[6, 11]",1
These people would follow you to the end of the earth. ,"[5, 10]",1
Swamps of people are coming to my birthday party. ,"[0, 1]",1
I have a horrible face today.   ,"[0, 3]",1
Search engines are brainless entities.,"[2, 3]",0
Love makes you ignore bad things.,"[1, 5]",0
"But you are mute, mute as a fish.   ","[6, 8]",1
The boy is an Adonis...and he knows it.  ,"[3, 4]",1
She explained how the Arab world came apart.,"[3, 7]",0
The universe is unceasingly moving toward more disorder.,"[2, 3]",0
That shark could be tearing me apart right now.,"[4, 6]",0
The set of even numbers is an infinitely large.,"[2, 7]",0
"Oh, my mother, if you cough somewhere in Siberia she'll hear you.   ","[0, 14]",1
My nephew is making huge efforts.,"[3, 5]",0
The air I breathe in a room empty of you is unhealthy.  ,"[0, 11]",1
I wear my favourite t-shirt repeatedly.,"[4, 5]",0
What you eat affects you.,"[0, 3]",0
I started saving my monthly money.,"[3, 5]",0
A man without purpose is an empty individual.    ,"[5, 6]",1
My parents would have about two hemorrhages apiece if I told anything personal about them.   ,"[5, 7]",1
The big bells as loud as the thunder.        ,"[3, 7]",1
Professors read a boatload of essays.     ,"[2, 3]",1
Another idea burst into flames.    ,"[2, 4]",1
Commercial airplanes carry a huge tank of oxygen.,"[6, 7]",0
You will give a good first impression without a doubt.  ,"[7, 9]",1
I sit in a bath of warm water.,"[0, 5]",0
Archaeologists uncovered a kilometric line of constructions.,"[3, 4]",0
People will die of cholera and other epidemics.,"[1, 3]",0
"Your interpretation goes too far, it's a Pindaric flight.  ","[7, 10]",1
"I'm so drunk, the world spinning around.   ","[5, 8]",1
"Come on, I'm a vault of secrecy.     ","[4, 8]",1
Each of these girls is delicate and lovely.,"[5, 7]",0
You're being stalked by an emotional vampire.  ,"[5, 7]",1
The girls met on a boatload of refugees.,"[4, 6]",0
You are what you eat.    ,"[0, 2]",1
My bank account runs dry. ,"[3, 4]",1
I'll persevere for a long time.,"[3, 6]",0
I don't like to see you eating pineapple pizza. It hurts my Italian heart.,"[0, 3]",0
Daisy was hard to get.,"[2, 4]",0
Intact skin is an insurmountable barrier to the virus.,"[2, 4]",0
He's the worst man on earth.   ,"[1, 6]",1
You are slower than a snail.     ,"[2, 5]",1
All these parties are expensive.,"[3, 4]",0
I do not live well without you.,"[3, 4]",0
His laughter shakes the walls.    ,"[2, 4]",1
Traces of poison were found in the bottle.,"[1, 2]",0
"Once I get her tuned up, this old car will go like greased lightning.   ","[12, 14]",1
He rushed inside to shower her with cold water.,"[5, 6]",0
She found no words to describe her admiration.,"[2, 7]",0
If the relationship becomes intolerable,"[3, 4]",0
It's a difficult time.,"[2, 4]",0
Each of his drawings is pleasing to the eyes.,"[0, 6]",0
The news has been blown out of all proportion.    ,"[4, 8]",1
The last thing makes everything worse.,"[0, 5]",0
"Right now, in this risky situation, I don't have any kind of financial support.","[3, 6]",0
The chance of your friend seeing us is astronomically small.   ,"[7, 8]",1
"Since you stopped partying, you're boring.","[6, 7]",0
Cells divide countless times during a lifetime.,"[2, 3]",0
The principal is unhappy...we're cooked. ,"[5, 6]",1
His bark is very loud.,"[2, 4]",0
They remained terrified of being crushed by the mob.,"[5, 6]",0
"Cheryl is so moody, she has different moods in a day.","[6, 8]",0
A Puma was kept in a cage so small he could not even turn around.,"[7, 14]",0
I could live on these broccoli and there is no need for anymore to say.    ,"[6, 14]",1
Invite a seafarer and explore the abyss of the ocean together.,"[6, 7]",0
It's tough for me to get into the army.,"[1, 3]",0
Your judgement at this point is worth less than nothing.  ,"[6, 9]",1
They will die of envy.      ,"[2, 4]",1
Daisy Buchanan is Gatsby's target that he fails to possess.,"[4, 5]",0
The secretary was up to her eyeballs in paperwork.  ,"[2, 7]",1
Life is a hospital where we fight to cure ourselves.   ,"[2, 3]",1
Jesus sits among men as a descended god.,"[5, 7]",0
Our vision of the effects of the crisis has changed.,"[1, 5]",0
Haven't seen you in ages.    ,"[4, 5]",1
Punctuality is the soul of business.   ,"[2, 3]",1
The secretary was pounding the keyboard trying to finish the report.   ,"[2, 3]",1
I feel like I'm going to burst. ,"[2, 7]",1
I enjoy my life.,"[0, 3]",0
Supporting the flatness of Earth is absurd.,"[5, 6]",0
People bend to his will.      ,"[1, 4]",1
Shower her with compliments.  ,"[0, 2]",1
Their latest album quickly moved up the charts.,"[3, 4]",0
Every one of her drawings is a rapture for the eyes.    ,"[0, 8]",1
My friend's dog has fleas.,"[3, 5]",0
The dark side of the Moon is covered in craters.,"[1, 4]",0
Big Bang is described as the greatest explosion in the history of the universe.,"[2, 13]",0
Fools rush in where angels fear to tread.  ,"[4, 7]",1
For dinner he would eat a silo full of grain.  ,"[6, 7]",1
These flowers are absurdly awesome!  ,"[2, 3]",1
She felt as if she would pass out.,"[4, 7]",0
"Here I sit, focused on my thoughts.","[4, 5]",0
The world could end if all insect species died.,"[1, 3]",0
She thinks avocado tastes like compost heaps.  ,"[4, 6]",1
The amount of crap that adorns my pavement is enormous.,"[2, 3]",0
Chris wonders if there is civilization on the other side of the Universe.,"[0, 11]",0
Fools rush in where experienced people would not.,"[4, 7]",0
I did not suspect it would be so good: this book is a pit of wonders. ,"[13, 16]",1
Spectre-like shadows were cast through the window.,"[4, 5]",0
Drinking kills me slowly.,"[1, 2]",0
A steal must be prevented.,"[0, 1]",0
He saw how angry she was.,"[2, 5]",0
The girl is no one.,"[3, 4]",1
Even speechless animals show anger.,"[0, 1]",0
I can see you've lost your mind. ,"[4, 7]",1
My bedroom is my private space.,"[4, 5]",0
Living with you is a rollercoaster but it's worth the thrill. ,"[3, 5]",1
"Seconds after the sound, a consonant appears on the screen.","[1, 9]",0
"Their headmaster was omnipresent, as he seemed to be all around the school all the time. ","[2, 6]",1
I soon fell in love with his friend.,"[0, 5]",0
"I now embrace ""Hollywood"" endings, but there was a time when I genuflected to kill-offs. ","[15, 16]",1
The exorcist claimed he was able to talk to the Devil.,"[3, 9]",0
"When pale and silent, I enter alone upon the stubble field.","[1, 3]",0
Democrats and Republicans will not agree on a tax reform bill!,"[3, 4]",0
First relief arrives after eight days.,"[4, 5]",0
His shout could split rocks.     ,"[2, 4]",1
A treacherous snake was slithering through my legs.,"[1, 2]",0
"Because I drank so much whiskey, I do not remember the last three days.","[0, 12]",0
She was pounding the hammer against the iron bars.,"[1, 6]",0
Cats and dogs are not allowed in the sandpit.,"[1, 2]",0
It was unpleasant seeing her in those cheap shabby clothes.,"[7, 8]",0
"Oh, you are very wet, monsieur.","[4, 5]",0
Being in debt makes me uncomfortable.,"[4, 5]",0
Not a word of it made sense.     ,"[1, 2]",1
The minister told the guests that the couple's friendship was very sweet.,"[11, 12]",0
"I now embrace ""Hollywood"" endings, but there was a time when I liked kill-offs.","[14, 15]",0
That child is a trouble maker.,"[3, 5]",0
Art is my peace of mind.,"[3, 5]",0
"At this price, it's a steal!      ","[6, 7]",1
He only has garbage in his brain.  ,"[2, 3]",1
Those criminals thrive on acts of violence.,"[2, 5]",0
She met my dad and then got taken quickly off to so many different countries.,"[7, 8]",0
In my family every birthday is a big event.,"[7, 8]",0
Nothing's impossible!  ,"[0, 2]",1
"We've been dealing with it for months, and months and months. ","[8, 11]",1
My evening jog with Bill turned into a marathon.   ,"[7, 8]",1
Marriage is the end of love.,"[2, 3]",0
Each of these girls is a perfect porcelain doll.   ,"[5, 8]",1
I am so tired I could sleep for a year.   ,"[8, 9]",1
Dinner will be ready in about an hour.,"[5, 7]",0
"The princess was trapped in a tower, same as Rapunzel.","[8, 10]",0
I'll be crystal clear: I don't like him.       ,"[2, 3]",1
I know this place very well.,"[4, 5]",0
My body was being crushed by a truck.,"[2, 4]",0
"I could fly and become invisible, so I realized it must be a dream!","[11, 15]",0
My sisters mean more than air to me. ,"[3, 5]",1
Her anger radiated like a nuclear explosion.    ,"[3, 6]",1
"I just can't seem to forget him, I keep on thinking about him.","[10, 13]",0
The end of the earth cannot be found.,"[1, 4]",0
You'll devour the book in a couple of days.  ,"[1, 2]",1
Your kindness astounds me.,"[1, 2]",0
This year the new fashion trends spread quickly.,"[6, 7]",0
I feel excited.,"[1, 2]",0
There was no one there but the family.,"[2, 3]",0
We were directed to nowhere in particular.,"[3, 4]",0
"You get into that University, you won't get out alive.    ","[10, 11]",1
I use my voice day in day out.,"[0, 7]",0
I would recognize my sisters from a long distance.,"[5, 8]",0
You can tell the judge how you made it vanish into thin air.  ,"[9, 12]",1
"A friend of mine brought the chips into work with the claim ""these will change your life"". ","[14, 17]",1
"Ice-cream here is delicious, more than the best in our country.","[2, 8]",0
It would be difficult to beat level six.,"[0, 4]",0
Have you seen the feverish activity in grandma's kitchen?     ,"[3, 4]",1
Knowledge without conscience would have a deleterious effect on your soul.,"[3, 9]",0
I've been enjoying this tea for all my life.  ,"[1, 9]",1
My bedroom is my sanctuary.   ,"[3, 4]",1
The flap of skin opened wide.,"[4, 5]",0
Making drastic choice is necessary for an adventurous life.   ,"[3, 4]",1
He managed to break every bone in his middle finger.,"[3, 7]",0
John usually knows the right thing to say.,"[0, 1]",0
She is miserable.,"[1, 2]",0
Children were kept out of the world of adult entertainment.,"[3, 7]",0
"I can't breathe, there is a lot of dust here.","[6, 8]",0
Look at her furious fingers articulating words as she writes the report.  ,"[3, 10]",1
A land mine fell near shifting the two roads.,"[1, 2]",0
You could see she was scared to death.  ,"[6, 7]",1
A perfect circle then forms on the surface.,"[0, 1]",0
"Insolent boy, I'll slash you to ribbons! ","[5, 8]",1
You should never cross a river in flood.,"[4, 7]",0
"During the debate, the president treated reporters and photographers badly.","[6, 10]",0
Legendary Atlantis still excites the minds of researchers.,"[0, 1]",0
Militias would go to war again.,"[2, 4]",0
I could smell his hellish breath.    ,"[3, 4]",1
It's painful to see you eating pineapple pizza. It hurts my Italian heart.  ,"[1, 2]",1
The Antarctic is colder than the Arctic.,"[3, 5]",0
I received a punch in the stomach. The pain was breathtaking.,"[9, 10]",0
She feels she is in the darkness: she's desperate.,"[1, 5]",0
"Forget knocking it out of the park, Frank can knock a baseball to a much larger distance.","[13, 17]",0
Your kindness turns me upside down.    ,"[2, 5]",1
The gate of the school is made of iron.,"[2, 8]",0
"In his dreams, Toyland was a place where all the toys lived together.","[4, 10]",0
The meal I prepared is rich in calories!,"[4, 6]",0
Patients were diagnosed with intracranial hemorrhages.,"[4, 5]",0
Believers swear the statue was crying blood tears.,"[6, 7]",0
The monsoon in causing a fall in glacial temperatures.,"[2, 7]",0
The priest pointed up towards God.,"[0, 5]",0
It's obvious.,"[1, 2]",0
My aunt does not love the world or anything in the world.,"[5, 11]",0
What is this incomprehensible thing?,"[3, 4]",0
They were laughing to death.  ,"[3, 4]",1
The bricklayers are drilling in the wrong place.,"[3, 4]",0
"When you open the map, you know a lot about the city.","[7, 10]",0
Muhammad Ali became a legend.,"[3, 4]",0
I can make a delicious pesto.,"[3, 4]",0
Faulty politics lead to the ruin of the country.,"[4, 7]",0
The historic building is going to burst into flames.,"[4, 6]",0
My oral exam was very quick. I was done seconds after entering the classroom. ,"[8, 9]",1
The pictures prove that the poor country is in a very bad situation.,"[7, 12]",0
No one follows the rules in this office. There is no discipline.,"[8, 11]",0
We must fight with the force of a typhoon.,"[4, 8]",1
Look how grown up! It wasn't that long ago that you were on your tricycle.,"[5, 11]",0
"The gang left him dazed, bleeding.","[3, 4]",0
Getting older helped me clarify some childhood memories.,"[5, 7]",0
The victim is hypnotically put to sleep.,"[2, 5]",0
Our fight has been going on since the beginning of time.  ,"[6, 9]",1
And it tastes very good.,"[2, 4]",0
The taste of Kellogg's Frosted Flakes brings out the tiger in you. ,"[9, 12]",1
Bikers coming from behind you are a danger on the roads.,"[6, 7]",0
Militaries were bombarding the town.,"[1, 2]",0
The community does not hold land in perpetuity.,"[6, 7]",0
He walked down the road to nowhere.   ,"[5, 6]",1
My sister is intelligent.,"[2, 3]",0
Your character die many times in the game.,"[2, 4]",0
"Don't touch a woman, not even with a flower. ","[8, 10]",1
This drink makes you grow wings.,"[2, 5]",1
That idea makes him feel very worried.,"[2, 6]",0
We were getting to be like two goldfish in a bowl with no way out.  ,"[3, 10]",1
The bow can be made to strain the string to its breaking point.,"[5, 6]",0
"Of course he was mute as a fish, he was dead.","[4, 8]",0
"I tried to explain myself, but she is a waxy-eared person.   ","[8, 11]",1
"More than a hospital, it looked like a resort.","[2, 8]",0
Babies can do no wrong.,"[1, 4]",0
Daisy Buchanan is Gatsby's grail that he fails to possess. ,"[4, 5]",1
Having some grass over my dead body sounds good.,"[4, 6]",0
I've had to make a new beginning from the bad outcome of my choices.,"[4, 11]",0
"No more food, I'm stuffed. ","[5, 6]",1
"In some stories, Cerberus is a three-headed monster.","[6, 8]",0
She's expressing all her feelings out loud with hate.,"[2, 7]",0
He caressed my head.,"[2, 3]",0
The hope they can restore is priceless.,"[5, 6]",0
"Apparently, my fingers are made of butter tonight.   ","[5, 7]",1
"By the time I looked at the fire, it had inflamed the trees.","[1, 12]",0
It is possible for a particle to travel faster than light.,"[1, 10]",0
The level of discombobulation in the realm of global politics is simply colossal. ,"[11, 12]",1
The towel will soak up any remaining liquid.,"[0, 5]",0
"Sitting on her knees, the artis cries out in terror.","[5, 10]",0
Weight training is very good for you.,"[2, 3]",0
ABU is hypnotically drawn to it.      ,"[1, 2]",1
I don't work without coffee: it's my lifeblood.  ,"[2, 10]",1
The secretary had a lot of paperwork.,"[2, 5]",0
The house is built from the ruins of the old stables.,"[4, 8]",0
"When everyone went home for holidays, the campus became deserted.","[9, 10]",0
He only cares about himself.,"[2, 3]",0
Human capacity to invent meaning objects is the root of culture.,"[6, 9]",0
He changed his mind very fast.,"[4, 5]",0
The crowd was delighted by the performance.,"[2, 3]",0
Old Mr. Smith has been teaching here since the Stone Age. ,"[7, 10]",1
I'm scared the spider will anaesthetize my legs and start biting them.,"[10, 11]",0
Hydrogen shows the cloud to be light years away from the earth.,"[2, 10]",0
The work of the farm seemed to rest entirely on this horse's mighty shoulders.  ,"[7, 8]",1
The availability of data is likely to lead to a veritable orgy of statistical analysis. ,"[10, 11]",1
The stone was catapulted through the roof of the castle.,"[3, 8]",0
Skiers are about to be hit by an avalanche.,"[5, 8]",0
After workout I feel I could lift a sumo wrestler.    ,"[5, 9]",1
"When your mother saw you, she was so very excited.","[8, 10]",0
My mother is authoritarian.,"[2, 3]",0
She was weak after months of nursing her sick husband.,"[1, 2]",0
A player who can stop our team from winning the championship would be hard to find.,"[11, 15]",0
This is how to be attractive to women.,"[4, 5]",0
"A friend of mine brought the chips into work with the claim ""these are excellent"".","[14, 15]",0
"Given its advanced technologies, this is more of a spacecraft than a regular car.","[9, 10]",1
What she touches turns to gold.     ,"[3, 5]",1
"It's so dark, a bat couldn't see in this room. ","[2, 11]",1
"I do not lie, I'm a teller of the truth.","[2, 9]",0
Flying over a cloud is not risky.,"[2, 4]",0
The painter knows that looking at the beautiful landscape is an enjoyable experience.,"[10, 11]",0
Angels fear to tread in the evil places of life.,"[1, 4]",0
The style is the man.    ,"[2, 3]",1
The buyer has to be careful.,"[3, 5]",0
The victims are going to be harassed by the media.,"[4, 8]",0
A circle in Dante's Inferno is for the lustful.,"[1, 7]",0
Mercury contaminates mostly fish and fishery products.,"[0, 1]",0
I can make the best pesto in the world.  ,"[3, 8]",1
I'm begging! Give me the last piece of the cake.,"[1, 2]",1
Fill your wardrobe with the latest peasant shirts.,"[1, 4]",0
It is intolerable to live without my phone.    ,"[1, 2]",1
"I'm quite imperturbable, it's very tough to rock me.","[5, 9]",0
His studded jacket is tight on his body.,"[4, 5]",0
"When my parents enrolled me in college, they basically made my life very hard.","[10, 14]",0
That child is the devil incarnate.       ,"[3, 5]",1
He is so vicious that there should be a circle in Dante's Inferno specifically for him.  ,"[9, 13]",1
"I just can't seem to forget him, he contaminates my head.     ","[9, 12]",1
I felt an explosion of flavor in my mouth.   ,"[1, 8]",1
She opened the cupboard door.,"[1, 4]",0
This robot can lift a sumo wrestler.,"[3, 6]",0
The bridge was destroyed.,"[0, 3]",0
The player is undeniably talented. ,"[2, 3]",1
Most of the businesses here are already facing financial hardships because of the economy.,"[7, 9]",0
I can find not many words to describe my admiration.,"[0, 4]",0
He walked down the road without any destination.,"[5, 7]",0
The boxer threw a punch in the gut of his opponent.,"[3, 7]",0
I had to bend to look under a low archway.,"[2, 4]",0
These cereals are the size of a postage stamp.,"[3, 8]",0
"I swear, my teacher knows a lot.","[5, 7]",0
Miss Trunchbull's lips stretched in a serious smile.,"[6, 7]",0
Molasses buckets appeared from nowhere.    ,"[3, 4]",1
A lack of control is felt as if one could not stop eating.,"[9, 12]",0
I could see daylight through a keyhole.,"[4, 6]",0
I resign from my job.,"[0, 2]",0
He changed his mind in the blink of an eye.     ,"[4, 9]",1
"When my parents enrolled me in college, they basically sentenced me to death.  ","[10, 13]",1
I did not suspect it would be so good: this book is wonderful.,"[12, 13]",0
You are but unreasoning apes.     ,"[2, 4]",1
The energy absorbed by the atmosphere causes hurricanes.,"[6, 7]",0
The massages at the spa render very good results.,"[5, 8]",0
The barricade dissolved in an explosion of smoke.,"[3, 6]",0
You're an infant dad.    ,"[2, 3]",1
Our warehouse could house a commercial aircraft.,"[2, 6]",0
I swear he'd rather die of starvation than even take a whiff of it!  ,"[4, 9]",1
The elephant of the class is a book for children.,"[1, 8]",0
A sea of people surrounded the stage.      ,"[0, 1]",1
Humans and apes have a common ancestor.,"[1, 2]",0
That child is getting into a whole world of trouble.   ,"[6, 7]",1
Everybody's eyes are as large as saucers.        ,"[4, 7]",1
She'll get furious when she finds out that her brother left.,"[2, 3]",0
The eye of a master does more work than both his hands.   ,"[5, 11]",1
My heart burns for you.    ,"[1, 2]",1
The described events in heaven and earth are related in a symbolic sense.,"[3, 9]",0
His eyes were very dark.,"[3, 4]",0
T-Shirts are a hundred percent cotton.,"[2, 4]",0
"I'm very tired, for Christ's sake!","[2, 3]",0
She spilled the wine on the table...this is a catastrophe! ,"[9, 10]",1
Chris won't drive her home because she lives very far.,"[9, 10]",0
Waxy-eared persons should go to the otolaryngologist.,"[3, 4]",0
The diameter of the largest asteroid is about the size of Texas.,"[2, 11]",0
"After watching the movie, I wanted to put the villain through the wall into the next planet. ","[8, 17]",1
You could see falling stars that drop from the top of the picture.,"[4, 11]",0
The kite is falling.,"[2, 3]",0
The olives are better than other olives out there.,"[0, 4]",0
"If this character was a real person, I'd break every bone in his body.  ","[10, 15]",1
So much snow that it's like walking on a soft ground.,"[8, 11]",0
The bad sides are so overpowering that she can't see anything else.  ,"[8, 10]",1
Hope deferred makes the heart sick.        ,"[3, 5]",1
This one is valuable: you don't touch a hair of his head.,"[9, 13]",1
No one knows her. She's very mysterious.,"[5, 6]",0
"With each of her screams, the world came apart.   ","[8, 9]",1
"Move, we have little time.","[2, 4]",0
It was said that he had read so many books that his brain dried up.,"[13, 14]",1
The flower of poetry will spring up toward God.  ,"[1, 8]",1
I want to get you out of my head.  ,"[3, 8]",1
"His teeth would uncover, and shine savage like the furnaces.  ","[7, 10]",1
Each root is normally associated with a single hair.,"[5, 8]",0
The secretary is very servile.,"[3, 4]",0
Doesn't change the fact that we are in deep trouble.,"[7, 10]",0
They might enquire whether the cargo was dynamite.,"[6, 7]",0
The price is the same for all cards.,"[0, 3]",0
Idleness is the root of evil.  ,"[1, 5]",1
I received the transfusion. My father's blood now floods into my veins.,"[9, 12]",0
Your room is messy!,"[2, 3]",0
These are the proofs of the invincible smartness of the human race. ,"[3, 7]",1
He groaned as if he was hurt.,"[5, 6]",0
He lost his shirt in the stock market.      ,"[2, 3]",1
My aim is as certain as the rising sun.  ,"[3, 8]",1
She thinks avocado tastes terrible.,"[3, 4]",0
"Unfortunately,  these surgeries will change your life.","[2, 7]",0
We've been here countless times.   ,"[3, 4]",1
I don't know any boy of that name.,"[4, 7]",0
That was an easy question.,"[2, 3]",0
There's no index and the story isn't linear: this book is poorly written.,"[14, 15]",0
This new computer program is all Greek to me. ,"[0, 6]",1
"If I'll feel sick, I won't puke.","[8, 9]",0
Your shoes can buy a bungalow.   ,"[2, 5]",1
Jack Marshall wouldn't hurt a fly. ,"[5, 6]",1
Christmas will never come.  ,"[1, 2]",1
The flap of skin opened like a cupboard door.      ,"[5, 8]",1
Our wood was too big to fit the little hole.,"[2, 3]",0
He thinks that the affectual bonds prevalent in the older world has been pulverized by modernity. ,"[12, 13]",1
Its golden roofs are very bright.,"[4, 5]",0
Wine selection is all Greek.,"[2, 4]",0
Art is my stairway to heaven.   ,"[3, 5]",1
English is the world's international language.,"[1, 4]",0
She's drinking like tomorrow doesn't exist.    ,"[3, 7]",1
Sheet lightning is a brightening of the clouds rather than a thunderbolt striking the ground.,"[3, 11]",0
Marta is late to her appointments.,"[1, 2]",0
No one knows her. She's mysterious as the dark side of the moon.  ,"[7, 13]",1
You're very sweet.,"[1, 2]",0
It was said that he had read so many books that his brain stopped working properly.,"[13, 15]",0
The text is about the damnation of those who ignore morality.,"[2, 5]",0
The reputation of this pizza is at risk.,"[5, 7]",0
The door was exceedingly big for that wall.,"[2, 3]",0
Shami and Peter are deliriously happy together.     ,"[3, 4]",1
I'm very envious.,"[2, 3]",0
The big bells very loud.,"[2, 3]",0
Molasses buckets appeared unexpectedly.,"[2, 3]",0
She is sinking in a sea of misery.   ,"[2, 7]",1
The lesson was about the world spinning around its axis.,"[4, 7]",0
I was mortally sorry.     ,"[1, 2]",1
It's unfair how the media is martyrizing the ten year old boy.  ,"[1, 7]",1
In that library they have a lot of books.,"[5, 6]",0
This is very nice seasoning salt.,"[2, 3]",0
"He had a great reputation as an orator, and is characterized by Ennius as the example of persuasiveness.","[15, 16]",0
College students eat unhealthy food.,"[3, 4]",0
The doctor checked the ankle for an injury to the bone.,"[3, 10]",0
A wicked witch enchanted the princess.,"[3, 4]",0
We can use the force of a typhoon to generate wind power.,"[0, 7]",0
Junk food is the one thing they'll buy in spades.  ,"[9, 10]",1
"Move, there's no time to explain everything now.","[0, 5]",0
"You are very cute, darling!","[2, 3]",0
You can search in heaven and earth but you'll not find me.  ,"[3, 6]",1
Classical statues represent an ideal of perfection.,"[5, 6]",0
A gecko climbed up to the ceiling.,"[3, 6]",0
And with all this romantic atmosphere something could go wrong.,"[6, 9]",0
"And his sensibility, oh, he must be related to those machines that register earthquakes. ","[9, 15]",1
I'm dissolving into a puddle.       ,"[2, 5]",1
This policy will be a problematic one for the country.,"[3, 7]",0
Your baby is already hairy like the back of my hand.,"[5, 10]",0
I can eat about a million calories a year and maintain my weight.,"[0, 7]",0
My heart's bleeding right now. ,"[2, 3]",1
Most of the businesses here are already skating on thin ice because of the economy.  ,"[7, 10]",1
One winter was colder than normal.,"[3, 5]",0
A diesel tanker fell into a drain.,"[2, 6]",0
This drink is very energizing.,"[3, 4]",0
"Your plan is too risky, it's a suicide.   ","[8, 9]",1
I mean this was something fun in the midst of the depression.,"[4, 5]",0
"She stood still, searching for him.","[1, 2]",0
When the girl lost her puppy she cried an ocean of tears.  ,"[8, 10]",1
The best education systems don't necessarily dole out a lot of homework to students.,"[9, 10]",0
Your pride is bad.,"[2, 3]",0
For a few dollars they would fight.,"[5, 6]",0
This class is very noisy today!,"[0, 3]",0
Knowledge without conscience is but the ruin of the soul.       ,"[3, 8]",1
For a few dollars they would start a war.      ,"[6, 8]",1
I lost my sense of humor a long time ago.,"[6, 9]",0
Cry a lot.,"[1, 2]",0
My lover's arms were made to hold me close.  ,"[4, 7]",1
"That joke is so old, the last time I heard it I was riding on a dinosaur. ","[14, 17]",1
The contortionist was flexible.,"[0, 3]",0
The Eagle soars in the summit of the azure.     ,"[5, 8]",1
Love you so much.,"[2, 3]",0
We've been here many times.,"[3, 4]",0
The player is very talented.,"[2, 3]",0
The baby elephant was already the size of a cow.,"[5, 9]",0
I love you with so much of my heart that none is left to protest. ,"[4, 14]",1
The whales were shot and mortally wounded.,"[4, 5]",0
Judgments obtained by fraud on court will become a nullity.,"[8, 9]",0
He appeared like a descended god.      ,"[2, 5]",1
The Queen is more limited in her powers than a king would be.,"[8, 10]",0
"I'm sure the spider was about to leap off the wall, latch itself onto my leg and start gnawing me. ","[1, 20]",1
So you are a clown who uses music.,"[1, 4]",0
Maple syrup is sweeter than honey to my mouth!,"[3, 5]",0
The signature was so faded that it was illegible.,"[7, 8]",0
Moms are more powerful than the sea. ,"[2, 6]",1
My dog is really ugly.,"[2, 3]",0
The rocket was projected to a considerable height.,"[1, 5]",0
"Trust him, he's more faithful than the rising sun.   ","[5, 10]",1
"You unreasonable, pompous, blustering, old bigmouth!","[7, 8]",0
College students eat crap.        ,"[2, 3]",1
The god Shiva uses a third eye to see beyond the apparent.,"[4, 6]",0
He's as mad as a hippo with a hernia. ,"[2, 9]",1
The beginning of time corresponds to a first event.,"[1, 3]",0
People had to drink water from a river nearby.,"[3, 7]",0
I want to leave badly.,"[0, 4]",0
"Nate discovered the reason why she's still single, despite a legion of suitors.  ","[11, 13]",1
Jack Marshall wouldn't hurt anyone.,"[4, 5]",0
I do not work without coffee: it is my sustenance.,"[2, 10]",0
Kids should stop sliding on the sidewalk.,"[4, 6]",0
Finding the piece of paper in this chunk of documents is like looking for a needle in a haystack. ,"[11, 18]",1
Why do we have so many forks and no spoons?,"[4, 5]",0
This room is an oven.  ,"[3, 4]",1
She can't see anything since the accident impaired her view.,"[0, 3]",0
You need a bench to look at him in the eye.,"[2, 3]",0
Masses of garbage reached so high that it touched the roof.,"[7, 8]",0
Everybody's eyes are very big.,"[4, 5]",0
Having a gorilla in the picture would ruin it.,"[1, 2]",0
Newspapers only contain garbage and dirt.  ,"[3, 5]",1
My heart's hurt right now.,"[2, 3]",0
This new brand is unmistakable.        ,"[3, 4]",1
Beauty draws very easily.,"[2, 3]",0
"I only step on your toe, don't make a federal case out of it.   ","[11, 12]",1
Such an unscrupulous person...he's a pig.   ,"[6, 7]",1
The shelves contained crystal clear glasses.,"[3, 4]",0
I'd love to hang out every day.,"[6, 7]",0
Saying the entire campaign is ill-informed because you disagree with one point is throwing out the baby with the bathwater. ,"[13, 19]",1
Useful ideas come out of my head today.,"[3, 6]",0
"Nate discovered the reason why she's still single, despite many suitors.","[10, 11]",0
Give a man rope enough and he will do very foolish things.,"[8, 11]",0
Life goes in a little bit of time.,"[4, 7]",0
Being out of fashion is very bad.,"[0, 6]",0
On the way up the hill there are hidden cascades.,"[7, 9]",0
I can conquer the world with you by my side.  ,"[2, 4]",1
"Only yesterday, I ordered the registration of children.","[0, 1]",0
The girl is not relevant.,"[3, 4]",0
The glasses are cold like a dead man.,"[4, 7]",0
I'll tell you a tale of the immense blue that is the ocean.,"[7, 8]",0
"There's a sward hanging over my head, there on the wall.","[4, 11]",0
Old religious believe a miracle has happened.,"[3, 4]",0
Crystals took ages to form.,"[1, 2]",0
"By the magic touch of his wand, the different castes of men shall be sorted.","[2, 3]",0
Looking for a lightweight tripod.,"[2, 3]",0
I was very surprised.,"[1, 3]",0
"Sad to say, but she was a relentless drinker.      ","[7, 8]",1
Her skin was whiter than snow.   ,"[3, 5]",1
You will very likely give a good first impression.,"[2, 3]",0
That girl is a marionette who is manipulated by what she sees on TV.  ,"[3, 5]",1
"To vary, use drained green peppercorns in brine.","[3, 4]",0
The president has fought tooth and nail to be reelected.    ,"[4, 6]",1
He has a whole room filled with cash.   ,"[3, 6]",1
"Well, this travel's going to be a new opportunity for us.","[9, 10]",0
The chance of your friend seeing us is very small.,"[7, 8]",0
"This tiger is big like a lion, and white as a lamb.","[4, 12]",0
You could see she was very scared.,"[4, 5]",0
People welcomed the Queen of Denmark.,"[2, 4]",0
Stones were catapulted against the wall of the city.,"[2, 7]",0
He hiccuped endlessly.  ,"[1, 2]",1
He has little charisma.,"[1, 2]",0
I am really sorry.,"[1, 2]",0
The bomb burst into flames.,"[2, 4]",0
Greased lightning is a power fist variant with an hydraulic shock.,"[0, 1]",0
The global crisis has seen prices skyrocket over the past week. ,"[5, 6]",1
I was impressed with how large the size of the potatoes was.,"[2, 3]",0
"My aunt is so fat that when she walks by the TV, I can't see the screen.","[14, 18]",0
"After the levelling, the summit of the hill dropped by ten metres.","[1, 7]",0
His bark breaks the sound barrier.  ,"[2, 5]",1
I broke my ribs laughing.  ,"[0, 1]",1
"You won't beat this taste, it is insurmountable.    ","[8, 9]",1
Don't strain at gnats and swallow camels. There are worse problems than that around here.  ,"[2, 7]",1
Sarah does not have a good sense of humor.,"[1, 5]",0
Give a man rope enough and he will hang himself.  ,"[8, 9]",1
Here you get the real feel of the ocean.,"[3, 8]",0
In my family every birthday is a national holiday.    ,"[7, 8]",1
The mall is large enough to have its own zip code.   ,"[4, 10]",1
They were probably hoping to punish me in front of the people.,"[5, 11]",0
It's very dark in the room.,"[2, 5]",0
Illusion is the ultimate weapon.    ,"[2, 4]",1
My stomach almost bust.,"[2, 3]",1
"Don't blame him, he's still a kid.","[7, 9]",0
Brain areas were drawn on the image of an empty head.,"[8, 10]",0
The new shampoo is ten times better than the other.   ,"[4, 5]",1
I know this place like the back of my hand. ,"[4, 9]",1
Boys will happily do accept challenges for you.,"[2, 5]",0
The old man is very old.,"[3, 4]",0
His new computer program is very difficult for me to understand.,"[0, 10]",0
That old soldier is ready for another battle. He's tough.,"[9, 10]",0
The study of beauty is a duel in which the artist cries out in terror.      ,"[11, 14]",1
The accuracy of the new algorithm is ten times better than the old.,"[0, 11]",0
My ex boyfriend! Treacherous snake!  ,"[4, 5]",1
The gladiator beated all his opponents with his great strength.,"[7, 8]",0
This one is valuable: you don't touch him.,"[8, 9]",0
There is a burst of color in the messy room of the painter.,"[2, 10]",0
A pet dog saved his owner from a knife attack.,"[5, 6]",0
It seems to have been raining for fourty days and fourty nights. ,"[7, 11]",1
She gave a deadly glare at the people making fun of her.   ,"[2, 3]",1
"See, my dear, a pair of high heels is indispensable these days.  ","[10, 11]",1
The steps at the front entrance were demolished,"[6, 7]",0
She can make me follow her easily.,"[5, 6]",0
Peter won glory on the field of battle.,"[2, 4]",0
We're going to turn this sow's ear into something more valuable.,"[10, 12]",0
It is the last straw that breaks the camel's back.     ,"[0, 10]",1
The president said that the well-being of citizens is his guiding principle.,"[10, 11]",0
I like your new haircut!,"[0, 2]",0
We can contrast gravitation with a force of nature like electromagnetism.,"[5, 8]",0
Too much wine makes the heart sick.,"[3, 6]",0
The waiting has been endless.     ,"[3, 4]",1
This restaurant sums up the neighbour in all its hipster glory!  ,"[5, 10]",1
A part of Europe is different for the omnipresent nature of its pollution.,"[7, 8]",0
Needs must when the devil drives.   ,"[3, 5]",1
Chris won't drive her home because she lives on the other side of the universe.   ,"[9, 15]",1
She can't see the red signal.,"[1, 3]",0
Many people say that my father is still immature.,"[7, 8]",0
He may still lose an arm from that attack.,"[3, 5]",0
I want to scratch my skin off whenever my muscles itch.,"[4, 10]",0
Jason would rather keep going than lose face by pulling out.,"[3, 4]",0
He put loads and loads of cream on his cake.  ,"[2, 4]",1
Granma was a harsh school girl who made kids behave. She was a real strict person.,"[14, 15]",0
The prince's marriage will be marked by a national holiday.,"[8, 10]",0
It was a case of mea culpa rather than a faulty machine.,"[2, 10]",0
She's a ruler in our house.,"[2, 3]",0
The beds were horrid filthy and full of vermin.,"[7, 8]",0
Venus seems to shine like stars.,"[3, 5]",0
"You get into that University, you won't make it.","[9, 10]",0
He eats a mountain of junk food. ,"[2, 3]",1
"My dog is so ugly, we had to pay the fleas to live on him.  ","[3, 15]",1
One belief is that you can hear the angel music when you pass out.,"[6, 9]",0
Her skin was very fair.,"[3, 4]",0
The taste of Kellogg's Frosted Flakes brings out your wildness.,"[9, 10]",0
The minister is going to harm the country with his budget cuts.,"[4, 5]",0
This discovery is like a tender newborn to young scientists.   ,"[3, 6]",1
If I tried to carry all that cargo in my head it would make me quite tired.,"[15, 16]",0
Years of abundance was coming in all the land of Egypt.,"[5, 8]",0
"Of the two brothers, the oldest was unquestionably the smartest. ","[7, 8]",1
"I would buy it, if it did not cost an arm and a leg! ","[10, 14]",1
I am crushed by a corrupt and criminal justice system. ,"[1, 2]",1
She's a difficult person to work with because she has no filters.   ,"[10, 12]",1
"When sorrows come, they come not single but in battalions.   ","[9, 10]",1
Cowards do not live their lives to the fullest.,"[1, 8]",0
"I can't stand being a human. I no longer want to be, nor can still be, a man.","[1, 6]",0
"Love, love, love these!    ","[1, 4]",1
The murderer would be charged with high treason.,"[4, 7]",0
The house is very small.,"[3, 4]",0
"You know, I'll take care of you.","[4, 7]",0
"The town I grew up in is so isolated that rock, paper, scissors is considered a high tech game.  ","[6, 20]",1
You see caravans delivering loads of water.,"[4, 5]",0
You hear that noise? It's ear-piercing.   ,"[6, 7]",1
Ignorance of the true meaning of a word leads to misunderstanding.,"[1, 5]",0
Keep the candle burning.,"[2, 3]",0
The best education systems don't necessarily dole out piles of homework to students. ,"[8, 9]",1
I've found the place I want to be not far from home.,"[3, 8]",0
I was deeply sorry.,"[1, 2]",0
Being in debt makes my muscles itch.   ,"[4, 6]",1
His hand is very cold.,"[2, 3]",0
Meteorites seem to contain cosmic dust.,"[3, 4]",0
I would really like a pot of ale.,"[2, 3]",0
You set unattainable goals.,"[1, 2]",0
I've sacrificed a lot to help you.,"[2, 4]",0
"There was a cow nearby, and I heard it moo.","[5, 10]",0
The photo fits entirely in one page.,"[0, 3]",0
"It's so hot, it feels like I'm in a sauna.    ","[4, 12]",1
I want to stop thinking about you.,"[3, 5]",0
He sleeps soundly without a nightmare.,"[4, 5]",0
She will have no shortage of boyfriends.,"[1, 6]",0
"He had a great reputation as an orator, and is characterized by Ennius as ""the quintessence of persuasiveness"".    ","[15, 20]",1
It is in his interest to chop down our forests.,"[8, 9]",0
I could ride the wave of popularity.,"[0, 4]",0
"But you are mute, quiet.","[4, 5]",0
Fabulous new haircut!  ,"[0, 1]",1
I am truly American.,"[1, 2]",0
Apollo and Adonis are tributes to beauty.,"[1, 2]",0
My little sister gravitates towards me. She's my satellite. ,"[3, 9]",1
The generator can create a vortex of air in the space.,"[4, 10]",0
The exhibition runs the whole gamut of artistic styles.,"[3, 6]",0
All these parties will break my bank.  ,"[3, 6]",1
No offence but she's out of the world dumb.,"[5, 8]",1
Miss Trunchbull's lips stretched in a glacial smile.,"[6, 7]",1
He only has bad thoughts in his brain.,"[3, 4]",0
The devil drives to consider new opportunities.,"[1, 2]",0
Guess you've not many thoughts.,"[3, 4]",0
Shuttling between conferences over the past years has been an overwhelming enterprise.,"[9, 10]",0
I wear my favourite t-shirt day in day out.   ,"[5, 8]",1
"I'm moving, all my stuff's in this luggage.","[5, 6]",0
Let me see an abyss of knowledge.  ,"[3, 4]",1
The act of love strongly resembles severe pain.,"[6, 7]",0
"One day, the city was as hot as the Sahara Desert.","[2, 11]",0
Do not try to French kiss a rattlesnake.,"[4, 7]",0
"He, who was dying of asphyxiation, gave one final glance at his horse.","[1, 14]",0
Football is all he cares about.       ,"[1, 2]",1
"And there, before you, is barbeque perfection.     ","[7, 8]",1
It is an all-time truth that after life comes death.,"[2, 3]",0
"And your father and I worked on those plans together, for months and months and months.  ","[10, 16]",1
The first day he wrote ten thousand words.,"[5, 7]",0
John has a divine smile.   ,"[2, 3]",1
There were two goldfish in a bowl.,"[1, 6]",0
What Jesus did is beyond belief: he transformed water into wine.,"[4, 5]",0
Marta is pathologically unpunctual to her appointments.   ,"[2, 3]",1
A flame burns a candle.,"[1, 2]",0
The princess' lips are red.,"[3, 4]",0
It is enough to frighten you.,"[3, 4]",0
Pentrite can explode without a detonator.,"[1, 2]",0
"No one knows where Gatsby came from, but he was surely swimming in money.  ","[10, 13]",1
Breaking a blood oath was punished.,"[1, 3]",0
The mail was taking on large proportions.,"[4, 5]",0
Nobody seems to have explained this to her.,"[0, 1]",0
"Your mom is so fat, I could slap her thigh and ride the wave!  ","[3, 14]",1
Completing the puzzle took me decades.  ,"[4, 5]",1
This spray has the odour of freshness of the ocean breeze.,"[2, 4]",0
The male can maintain a distribution of grooming up to a harem size of five females.,"[10, 11]",0
Anna's cooking is a force of nature.   ,"[4, 7]",1
The Eagle soars high in the sky.,"[3, 6]",0
"The suicidal will prove his family is wrong, or he will hang himself.","[2, 13]",0
Evolutionists gave a natural origin to human institutions instead of a supernatural origin.,"[2, 10]",0
I am sure that you will laugh.,"[1, 2]",0
My dad'll be very angry when he finds out that I wrecked his car.,"[3, 5]",0
One picture is worth ten thousand words.    ,"[3, 6]",1
"Intellectually speaking, this city is almost as sterile as the Sahara Desert.  ","[6, 12]",1
You guys are of no help.,"[3, 4]",0
"March comes in like a lion, and goes out like a lamb.       ","[3, 12]",1
"As he grew, Victor became the best amongst the family of high achievers.","[6, 12]",0
"I avoid saying ""never"" at any point in my life.","[1, 7]",0
My powers are difficult to understand.,"[3, 5]",0
"I resign from humanity. I no longer want to be, nor can still be, a man. ","[1, 3]",1
The study of beauty is a duel in which the artist suffers.,"[10, 11]",0
I would eat pizza at every moment.   ,"[4, 6]",1
I went into the shop and we cleared the shelves out. ,"[7, 10]",1
This is a very strong friendship.,"[0, 3]",0
The old driver arrived not a second too soon.  ,"[4, 8]",1
Falling into a silo full of grain can be a problem.,"[2, 9]",0
Saying the entire campaign is ill-informed because you disagree with one point is losing valuable things to get rid of what is not wanted.,"[13, 23]",0
Many Christians are not focusing on heaven.,"[5, 6]",0
I felt my ribs hurt while laughing.,"[1, 5]",0
My little sister moves around me. She's my follower.,"[3, 9]",0
He has a watermelon instead of a belly. ,"[3, 5]",1
This room is a mess. It looks like it was hit by a tornado!   ,"[7, 13]",1
Her strength awoke in poets a love that is eternal.   ,"[5, 9]",1
Granma was a harsh school girl who made kids behave. She was a real paint-remover.   ,"[13, 14]",1
"If you leave me, I'll forget about you.","[7, 8]",0
Edward was the king of England.,"[2, 4]",0
Orpheus descended into hell to rescue Eurydice.,"[2, 3]",0
I write my diary when I feel crushed by the weight of life.  ,"[7, 12]",1
It annoys me when you only drink half of the soda.,"[0, 1]",0
It took him about an hour to comb his hair.    ,"[3, 5]",1
My admiration for him is profound.,"[4, 5]",0
Lots of vessels sunk in the storm.,"[3, 4]",0
He has a lot of cash.,"[3, 4]",0
Caterpillars grow wings and become butterflies.,"[1, 2]",0
We wanted to be buried up to our necks in sand.,"[2, 9]",0
I've lived here all my life.,"[0, 6]",0
I'd rather French kiss a rattlesnake than miss a gym period.  ,"[3, 6]",1
"She is only a follower, acting on the directives of her friends.","[3, 4]",0
"Of the typical paranormal entities, only UFO are associated with machines.","[5, 7]",0
There's no index and the story isn't linear: this book is illegible.   ,"[13, 14]",1
Bikers coming from behind you are a calamity on the roads.  ,"[6, 7]",1
Jason would rather lose an arm than lose face by pulling out.  ,"[4, 5]",1
The new king'll be all-time adored.   ,"[4, 5]",1
Put these items into a little silk purse.,"[3, 7]",0
Love you to the moon and back. ,"[2, 6]",1
Not a word was spoken in those final seconds.,"[0, 2]",0
Your home got hit by a tornado.,"[3, 6]",0
She is very helpful I mean she fixes my problems.,"[1, 3]",0
Kasparov proved the best chess player in the world several times.,"[2, 8]",0
He's a giant but is not intelligent.,"[4, 7]",0
This subsonic airliner breaks the sound barrier.,"[3, 6]",0
The pain was unendurable.      ,"[2, 3]",1
"The movie lasted one hour, but seemed longer.","[6, 8]",0
Your mom is very fat!,"[2, 3]",0
I swear you've doubled in size since I saw you last month.   ,"[3, 6]",1
I write my diary when I feel under pressure.,"[7, 8]",0
I saw a pea sized circular mass on my left arm.,"[1, 2]",0
Give her a lot of compliments.,"[0, 4]",0
"At that point, the presidency was fatally wounded.    ","[7, 8]",1
Breathing is a no brainer exercise.,"[2, 4]",0
Disaster is imminent.,"[0, 2]",0
They were gone in no time.     ,"[3, 5]",1
Professors read a lot of essays.,"[2, 3]",0
We live by ourselves in everyday life.,"[1, 4]",0
My sister uses so much makeup; she broke a chisel trying to get it off last night!   ,"[8, 10]",1
Tastiest roast of all times.         ,"[2, 4]",1
It is idle to swallow big problems and choke on small ones.,"[5, 11]",0
The geologist was using those machines that register earthquakes.,"[4, 8]",0
Her strength awoke in poets an abiding love.,"[5, 6]",0
John is very clumsy.,"[1, 3]",0
One could swear that the contortionist had no bones.,"[0, 8]",1
Almost boiling hot water poured out of the taps.,"[1, 7]",0
He's sitting on a dustbin.,"[1, 5]",0
"Your interpretation goes too far, it lacks of unity.","[7, 9]",0
My bank account is almost empty.,"[3, 5]",0
Property companies continue to go bust.,"[4, 5]",0
My hair is poker-straight.   ,"[2, 3]",1
Mash the avocado to a pulp.,"[3, 5]",0
Many apologies would not be enough.,"[0, 1]",0
This kind of anger rages like a sea in a storm.  ,"[5, 10]",1
Poor people here are living on bread and water.,"[4, 8]",0
I have negative feelings in the day.,"[0, 3]",0
I just got hit by an avalanche of cramps.  ,"[5, 6]",1
You could have easily knocked me over.,"[2, 3]",0
I am exceedingly sorry.         ,"[1, 2]",1
Scientists are far away from understanding the human brain.,"[1, 2]",0
It is very easy to pass that test!,"[0, 4]",0
His nose is very big.,"[2, 4]",0
It is unthinkable that a child can solve differential equation.,"[0, 2]",0
The film is about the miraculous healing of a sick child.,"[0, 5]",0
"Olives are available, either plain or stuffed with almonds.","[3, 7]",0
She shows no emotions: she has become an iceberg of a woman.  ,"[8, 10]",1
Dad became very angry when he saw the dent in his car.,"[1, 3]",0
The principal is unhappy...we're in trouble.,"[6, 7]",0
"She has so many watches, it's not possible to wear them all.","[6, 9]",0
I genuflected to the tabernacle and left the church.,"[0, 2]",0
Your shoes are expensive.,"[2, 3]",0
This new brand is good.,"[3, 4]",0
He once ran a marathon for training.,"[3, 4]",0
A total sample of four thousand subjects was obtained.,"[4, 5]",0
That runner is faster than light.   ,"[3, 5]",1
New York is the promised land to him.,"[3, 6]",1
I am tormented day and night.    ,"[3, 5]",1
Many people say that my father is still a kid. ,"[8, 9]",1
That was the easiest question in the world.  ,"[2, 7]",1
"When everyone went home for holidays, the campus became a ghost town.","[10, 12]",1
Silver objects are rarer than golden ones in the tombs.,"[4, 5]",0
Two bars of the gate are sharp like the points of two picks.,"[2, 12]",0
In that library they have forests of books.      ,"[4, 5]",1
Manners make the man.         ,"[1, 2]",1
The criminal had previously tried to chop off my hand.,"[5, 8]",0
"Since my operation, I can't move.","[3, 7]",0
The image is similar to a shadow cast on the ground.,"[4, 6]",0
Junk food is the one thing they'll buy in large quantities.,"[10, 11]",0
"Remember, Quasimodo they're gypsies. They'll steal us blind.   ","[9, 10]",1
I like it when a roller coaster turns me upside down.,"[7, 10]",0
His eyes were pure black. ,"[3, 4]",1
Grandpa is very old.,"[2, 3]",0
The old driver arrived on time.,"[4, 5]",0
That man accomplishes whatsoever he promises.,"[0, 4]",0
Bad fortune was often attributed to sorcery.,"[5, 6]",0
"When spectre-like, I enter alone upon the stubble field. ","[0, 1]",1
Johnny worshipped the ground Dallas walked on.   ,"[0, 1]",1
The vault of the ceiling was painted in yellow.,"[1, 2]",0
"Two years ago, I catapulted myself into the fashion world.   ","[5, 6]",1
We must obey my mother's whims! We bow to her power!  ,"[9, 10]",1
"By the time Alf finishes that story, his beard will be three inches longer.   ","[3, 14]",1
"As a matter of fact, I'm all steamed up about it.   ","[9, 10]",1
Greek travelers were tortured on a Procrustean bed.,"[4, 7]",0
Moms are so powerful.,"[1, 2]",0
This city is the worst on earth with respect to air pollution levels.,"[3, 6]",0
Sky is falling.      ,"[0, 2]",1
Her father was sentenced to death.,"[4, 5]",0
Zombies are half dead.,"[2, 3]",0
It's hot enough to fry an egg on the sidewalk.  ,"[3, 10]",1
Tiny snowflakes began to fall.,"[0, 1]",0
"Well, you've got an empty head.      ","[3, 7]",1
I will make it difficult for you to meet him.,"[0, 9]",0
This room is very hot.,"[3, 4]",0
Alice followed the rabbit and reached a whole world of different creatures.,"[6, 9]",0
The joke was very good.,"[3, 4]",0
A village on the estuary has doubled in size since last year.,"[6, 10]",0
You have my attention.,"[1, 3]",0
I am ready to give my life to save my brother.,"[0, 9]",0
I don't want to stop looking at her.,"[0, 7]",0
Admit that you're a traitor.,"[1, 5]",0
I need say no more: you say it all better.,"[8, 9]",0
"Whenever I watch the movie, that scene kills me.    ","[7, 8]",1
When it brews there is drips of water coming out.,"[4, 5]",0
I almost jumped out of my skin.    ,"[1, 6]",1
The missions successfully went to the moon and back.,"[4, 8]",0
It is a town unlike any other I have known before.,"[4, 6]",0
She had a graceful glow about her.,"[2, 3]",0
That girl's eyes are bright.,"[4, 5]",0
They were probably hoping to crucify me in front of the whole world.  ,"[5, 12]",1
"This steak is so rare, I think I heard it moo.     ","[9, 11]",1
I just got hit by a lot of cramps.,"[5, 6]",0
"My best friend is so forgetful, I have to remind her of many things.","[12, 14]",0
They cooked a big turkey.,"[2, 3]",0
My sister broke a chisel trying to carve wood.,"[0, 6]",0
I would recognize my sisters a day's march away.  ,"[6, 9]",1
My hair is very straight.,"[3, 4]",0
The river runs dry.,"[2, 3]",0
You should sunbathe! You look white as a ghost!,"[6, 9]",1
"I have fever, I can't move. ","[5, 7]",1
This site has been a settlement since the Stone Age.,"[2, 9]",0
His charisma magnetized us.     ,"[1, 2]",1
"This book is a masterpiece, it is priceless! ","[7, 8]",1
The availability of data is likely to lead to a large amount of statistical analysis.,"[10, 11]",0
Living with apprehensive parents is being trapped in a tower. ,"[5, 9]",1
The Tsar's ultimate weapon was his army.,"[3, 4]",0
"No one knows where Gatsby came from, but he surely had a lot of money.","[11, 14]",0
Show him the folder overflowing with letters.,"[3, 4]",0
He's leaping up and on the bed too vigorously.,"[8, 9]",0
The tooth and nail brushes were manufactured by the firm of Addis.,"[0, 3]",0
There are magical creatures in the tale.,"[0, 2]",0
Stop using onion in this recipe you terrible people.,"[7, 8]",0
Sacrificed my french fries to his hunger.,"[5, 6]",0
Have you seen the very busy activity in grandma's kitchen?,"[4, 5]",0
They implemented a system that can solve a million issues.,"[2, 9]",0
I'd rather pay dearly than miss a gym period.,"[3, 4]",0
Time and experience will make a man of him.,"[4, 6]",0
March comes in fiercely and goes out meekly.,"[3, 7]",0
"Social security, health, welfare and education systems are being laid on a Procrustean bed.","[11, 15]",1
Her anger radiated strongly.,"[2, 3]",0
Ours is a favorite airline of many people in the world.,"[2, 8]",0
They were gone quickly.,"[2, 3]",0
A large group of artists was crowding the room.,"[0, 2]",0
He is just building castles in the air if he does not take any action.   ,"[3, 7]",1
It'll just - bam! - hit me like lightning. ,"[9, 10]",1
I enjoy my green tea fix each morning!,"[0, 1]",0
The tourists will soak up any information you give them. ,"[3, 4]",1
He didn't like the people or the god of their cult.,"[4, 9]",0
You hear that noise? It's very loud.,"[7, 8]",0
Elgon is the remains of an ancient volcano.,"[1, 7]",0
You don't ever listen to me.  ,"[2, 3]",1
Being led around aimlessly felt dull.,"[4, 5]",0
Living with you has its ups and downs but it's worth the thrill.,"[3, 7]",0
You should sunbathe! You look pale!,"[5, 6]",0
Seeing you again - my life is changed irrevocably by this.,"[6, 10]",0
He thought a place awaited him in paradise.,"[2, 7]",0
And soon I'll be famous beyond belief.  ,"[6, 7]",1
The veteran proclaimed he had strong legs.,"[4, 5]",0
Tuna devour small fish.,"[0, 1]",0
"Reports of the stakes vary, but the odds were undeniably high.","[9, 10]",0
Gargoyles have a horrible face.,"[1, 4]",0
"When skating on thin ice, move fast.","[1, 4]",0
Drug-infused blood entered my brain.,"[3, 4]",0
"I'm quite imperturbable, only UFO can rock me.  ","[5, 7]",1
Once I would open a bag I could not stop eating.   ,"[4, 7]",1
"Even thinking back, it feels like living a fairy tail.","[9, 10]",1
"On the emperor's order, the soldiers began martyrizing the Christians.","[1, 10]",0
Books are important for avid readers.,"[1, 2]",0
The buyer has need of a hundred eyes. ,"[3, 7]",1
Completing the puzzle took me a long time.,"[5, 7]",0
A mountain dominates the city.,"[0, 1]",0
"His classmates laughed at him, saying he had a pea-sized brain.  ","[5, 10]",1
Her boyfriend would obey her commands without hesitation.,"[6, 7]",0
Eagle vision allows to spot prey easily.,"[0, 1]",0
Supernatural courage is needed when bringing a message to a hostile audience. ,"[0, 1]",1
Life goes in a heartbeat.     ,"[3, 4]",1
That girl's eyes shine like stars. ,"[4, 6]",1
I worked very hard.,"[2, 3]",0
This year the new fashion trends spread like wildfire.   ,"[7, 8]",1
Limitation on employment and property ownership were a recipe for disaster in the country.,"[7, 10]",0
A roaring deluge of applauses followed the performance.   ,"[0, 4]",1
They were laughing hard.,"[2, 3]",0
Franch's is more than the best.      ,"[3, 4]",1
Some stars in the firmament have a name.,"[2, 4]",0
Cry me a river.  ,"[1, 3]",1
One view is that the big-bang that came from nowhere.,"[8, 9]",0
It is very hard to believe!,"[1, 5]",0
A great courage is needed when bringing a message to a hostile audience.,"[0, 1]",0
He woke up earlier than the rising sun.,"[4, 7]",0
She'll erupt when she finds out that her brother left.,"[1, 2]",1
They witnessed a beautiful place on this very same earth.,"[3, 4]",0
Johnny was fearful.,"[1, 2]",0
These are proof of how smart the human race is.,"[2, 9]",0
The professor destroyed me in front of the class. ,"[1, 2]",1
The sins of the people would weight so heavy upon the land that the whole town would collapse.  ,"[5, 17]",1
The title says it all.      ,"[2, 4]",1
The ancient castle was so big that it took a week to walk from one end to the other. ,"[9, 10]",1
His nose became so long that it troubled him.,"[6, 8]",0
"When I was young, my family was my role model.","[9, 10]",0
The boy is handsome...and he knows it.,"[2, 3]",0
There are ketchup die hard fans out there.      ,"[3, 4]",1
The alarm emits an ear-piercing a hundred fifteen decibel screech.,"[3, 4]",0
They used a magnetized needle.,"[2, 3]",0
The minister told the guests that the couple's friendship was sweeter than honey. ,"[11, 13]",1
"I am fascinated by the construction, whether it is a marionette or a doll.","[3, 13]",0
"Marinate the chicken for days, until it is soaked to the bone.","[1, 12]",0
Sarah is completely lacking any sense of humor.  ,"[1, 4]",1
And with all this romantic atmosphere disaster's in the air.    ,"[6, 10]",1
A herd of elephants was drinking from a lake.,"[1, 7]",0
Villagers live in terror that they would be bitten by a vampire.,"[9, 11]",0
The veteran proclaimed he had tree trucks for legs. ,"[5, 7]",1
The president said that the well-being of citizens is his North Star.  ,"[10, 11]",1
Those criminals are feasting on violence.     ,"[2, 3]",1
Religion is the opiate of masse. ,"[3, 5]",1
They sell books by every author who has ever set pen to paper.  ,"[4, 12]",1
A saint is not prayed to.,"[1, 2]",0
The sound of a heartbeat helps you relax in stressful situations.,"[3, 8]",0
Weight training is ridiculously good for you.   ,"[2, 3]",1
She ran the whole gamut of emotions.    ,"[1, 4]",1
The hotel was only half a mile away.,"[5, 7]",0
The sea soughed on the shore.,"[1, 4]",0
"I'm very colorful today, I'm wearing a yellow t-shirt and red trousers.","[2, 3]",0
Your words are poison.  ,"[2, 3]",1
Changing your favorite team is like breaking a promise.,"[7, 8]",0
A man can have a very large belly.,"[5, 6]",0
It's been a lifetime since I found someone nice to me.  ,"[3, 4]",1
"Once I get her tuned up, this old car will go very fast.","[12, 13]",0
"Apparently, my fingers are slippery tonight.","[4, 5]",0
The structures can be demolished with a wrecking ball.,"[6, 8]",0
You're charged with high treason for telling mom I didn't have lunch!    ,"[2, 8]",1
Sentries were given some bullets.,"[3, 4]",0
Waves endlessly tumble to shore.,"[0, 1]",0
He only sees himself.     ,"[1, 2]",1
John has a nice smile.,"[2, 3]",0
His version of the facts is much more convincing.,"[5, 6]",0
I had no bones in the jaw.,"[1, 5]",0
These answers are what we wanted to hear.,"[2, 3]",0
My sister is a vortex of intelligence in space.  ,"[3, 8]",1
He's a terrible person.,"[3, 4]",0
"I witnessed the start of a new life, I am a dad now.","[2, 11]",0
You've lost your wallet.,"[1, 3]",0
The waiting has been too long.,"[4, 5]",0
The poetry will spring up magnificent.,"[4, 5]",0
Youth unemployment figures shame the government.,"[3, 4]",0
Farmers used long-handled spades for digging.,"[2, 3]",0
This confection has been around a few centuries in my house.  ,"[5, 7]",1
The argument with my bestfriend turned into a tempest in a teacup.,"[8, 11]",1
I'm living on bread and water.     ,"[4, 6]",1
The five cases classified pathologically.,"[3, 4]",0
He has a very impressive knowledge about the impressionists.,"[2, 6]",0
A moth looks like a worm.,"[3, 5]",0
Grandpa found more than dirt in the attic.,"[0, 4]",0
The ruler authorized a mission to search for the grail.,"[5, 9]",0
They are a stingy family. There are like trillions of savings under one roof!  ,"[7, 8]",1
"You've made me very happy, Rita.","[4, 5]",0
I'm on a whisky diet. I've lost three days already.,"[1, 11]",1
I bet my life that you will laugh.   ,"[1, 3]",1
"If I were the happiest man alive, I'd tell you.","[3, 7]",0
"I mean, you have the kind of talent that I admire.","[10, 11]",0
An army of artists was crowding the room.   ,"[0, 1]",1
She was worn to a shadow after months of nursing her sick husband.  ,"[2, 5]",1
"My aunt is so fat that when she walks by the TV, I miss three shows.      ","[14, 16]",1
"Me, the wife of that boorish, unwise man.","[7, 8]",0
Travel broadens your brain.   ,"[1, 3]",1
A hair just jumped out of my skin.,"[3, 7]",0
She can have any boy that she wants.     ,"[1, 7]",1
That lawyer's words are really harsh.,"[5, 6]",0
And it is a tiny mouthful of heaven.   ,"[2, 7]",1
Life is rushing by very quickly.,"[4, 5]",0
I just bought a brand new phone.,"[0, 5]",0
If I tried to carry all that cargo in my head it would make me stoop-shouldered.  ,"[14, 15]",1
You are very slow.,"[2, 3]",0
"I am sure the spider was about to leap off the wall, latch onto my leg and bite me.","[1, 18]",0
"He that drinks beer, only thinks beer.   ","[4, 5]",1
Your words are very damaging.,"[3, 4]",0
My stomach is very bloated.,"[2, 4]",0
He could swear he saw a wisp of smoke coming out of her ears.   ,"[1, 13]",1
It's an indefensible sin to steal a pin.      ,"[2, 4]",1
New York is right place for him.,"[3, 5]",0
Once I would open the bad I would not want to stop eating.,"[4, 10]",0
The nation seems to be threatened by civil war at every moment.,"[9, 11]",0
I would give my life for a coffee. ,"[1, 5]",1
Beauty draws with a single hair. ,"[2, 5]",1
Turning your face away is insulting.,"[4, 5]",0
I worked myself to the bone. ,"[2, 5]",1
Make sure all excess liquid dried up.,"[5, 6]",0
Small mammal bone is blown away by wind.,"[4, 5]",0
I am unable to be at two places at the same time.,"[0, 3]",0
Every flavor is strong.,"[2, 3]",0
"I've been reading ""The little prince"" since I was a kid.","[12, 13]",0
One Buddhist priest claimed he went to nirvana.,"[6, 7]",0
They will admire his talent.,"[1, 2]",0
Books are food for avid readers.  ,"[1, 2]",1
Hyperbole is the greatest thing in the history of the universe.   ,"[2, 10]",1
"You'll end up on the street, begging for some money.","[5, 8]",0
My house is beyond the wall.,"[0, 3]",0
This is a must buy! ,"[3, 4]",1
It's very hot.,"[1, 2]",0
You're exaggerating.,"[1, 2]",0
The president ate pasta for dinner.,"[1, 2]",0
Better be out of the world than out of the fashion.  ,"[0, 9]",1
She has a magic touch I mean she fixes my problems.    ,"[1, 4]",1
There are seven senses in which the term has been used by legislatures.,"[2, 3]",0
Haven't seen you for a long time.,"[4, 7]",0
We are traversing the vast desert of everyday life.   ,"[1, 6]",1
The level of discombobulation in the realm of global politics is very high.,"[11, 12]",0
Many colors reflected in a bubble of foam.,"[3, 5]",0
"After the incident, her finger turned blue.","[1, 7]",0
